word,count
视频,945
啊啊啊,678
喜欢,642
希望,476
关注,430
一个,404
做,386
三连求,385
感谢,365
会,359
游戏,346
中,333
年,319
三连,277
想,277
制作,276
更,273
请,250
哈哈哈,247
月,230
三,227
没有,223
支持,218
一起,213
真的,199
更新,193
世界,188
系列,186
今天,186
说,177
故事,176
求三连求,174
里,173
记得,172
新,165
出版,165
本期,157
一下,155
时间,152
朋友,152
中国,149
点赞,147
最后,146
音乐,139
老师,129
期,129
一定,128
玩,126
动画,125
观众,123
谢谢,123
号,122
欢迎,120
终于,119
素材,119
日,118
看到,118
很多,115
一键,113
评论,110
可能,108
知道,107
生活,107
完,105
下载,103
投币,103
站,103
吃,102
赞,101
拍摄,100
一期,99
作品,98
一次,98
已经,98
带,97
分享,96
体验,94
时,93
非常,92
快乐,90
观看,89
多多,89
创作,88
区,87
历史,87
没,87
需要,86
内容,86
点,85
不要,85
地址,84
中文,84
未来,83
太,82
方舟,82
祝,81
拍,81
开心,80
现在,79
爱,79
老爷,79
开启,79
收藏,78
电影,75
黑,74
节目,74
出,74
活动,74
挑战,74
小伙伴,73
一直,72
演唱,72
角色,72
配音,72
到底,71
觉得,70
继续,70
前,70
版本,69
编曲,69
明日,68
看看,68
第一次,68
简单,67
正式,67
主,66
剧情,66
神话,66
日文,66
微博,65
这是,65
全新,65
公众,64
使用,64
之后,64
不会,64
兄弟,64
点个,63
之前,63
上线,63
人生,62
带来,62
微信,62
参考资料,62
发现,62
部分,61
不能,61
不易,61
其实,60
版,60
发布,60
特别,60
完成,60
一天,60
花,59
作曲,58
料理,58
本篇,58
绵羊,57
喵,57
这期,56
问题,56
超级,56
讲,56
鼓励,56
长,55
见,55
进行,55
累死,55
设计,54
丨,54
起来,54
嘻嘻,54
导演,54
写,54
别忘了,53
剪辑,53
合作,53
作词,53
规则,53
机会,52
找,52
帮助,52
准备,52
画,52
英雄,52
混音,52
尝试,51
分钟,51
告诉,51
地方,50
每个,50
原神,49
后期,49
直接,49
简介,49
欧拉,49
买,49
转发,49
今年,49
一场,48
快,48
即将,48
有点,48
推荐,48
时代,47
来源,47
一年,46
过程,46
西游,46
动作,46
真实,46
走,46
应该,46
成为,46
感觉,46
人类,46
两个,45
参考,45
歌曲,45
策划,45
第二季,45
老,45
改编,44
曲,44
自制,44
凉风,44
东西,44
找到,44
猫,44
听,43
来到,43
记录,43
最大,43
测试,43
没想到,43
链接,43
生日快乐,43
梦幻,42
画面,42
建议,42
平台,42
玩家,41
美食,41
同学,41
万,41
出现,41
官网,41
网络,41
比较,41
模型,41
美国,41
帮,41
呜呜,41
期待,41
粉丝,40
再次,40
原神服,40
原创,40
鉴定,40
手机,40
梦,40
年度,40
下期,39
新番,39
遇到,39
了解,39
官方,39
哔哩,39
第一,39
研究,39
凶手,39
有人,38
方式,38
生物,38
孩子,38
小时,38
提供,37
居然,37
精彩,37
探索,37
真,37
究竟,37
重要,37
舞蹈,37
场景,37
团队,37
这种,37
努力,37
感受,37
参与,37
经历,37
获得,37
选择,37
攻略,37
均,37
粉粉,37
成功,36
真正,36
最近,36
